-- phpMyAdmin SQL Dump
-- version 5.2.0
-- https://www.phpmyadmin.net/
--
-- Host: localhost
-- Generation Time: Oct 11, 2022 at 08:15 PM
-- Server version: 10.4.24-MariaDB
-- PHP Version: 8.1.6

SET SQL_MODE = "NO_AUTO_VALUE_ON_ZERO";
START TRANSACTION;
SET time_zone = "+00:00";


/*!40101 SET @OLD_CHARACTER_SET_CLIENT=@@CHARACTER_SET_CLIENT */;
/*!40101 SET @OLD_CHARACTER_SET_RESULTS=@@CHARACTER_SET_RESULTS */;
/*!40101 SET @OLD_COLLATION_CONNECTION=@@COLLATION_CONNECTION */;
/*!40101 SET NAMES utf8mb4 */;

--
-- Database: `ecom_lab2`
--

-- --------------------------------------------------------

--
-- Table structure for table `admin`
--

CREATE TABLE `admin` (
  `id` int(11) NOT NULL,
  `username` varchar(255) NOT NULL,
  `password` varchar(255) NOT NULL,
  `creationDate` timestamp NOT NULL DEFAULT current_timestamp(),
  `updationDate` varchar(255) NOT NULL
) ENGINE=InnoDB DEFAULT CHARSET=utf8mb4;

-- --------------------------------------------------------

--
-- Table structure for table `category`
--

CREATE TABLE `category` (
  `id` int(11) NOT NULL,
  `categoryName` varchar(255) DEFAULT NULL,
  `categoryDescription` longtext DEFAULT NULL,
  `creationDate` timestamp NOT NULL DEFAULT current_timestamp(),
  `updationDate` varchar(255) DEFAULT NULL
) ENGINE=InnoDB DEFAULT CHARSET=utf8mb4;

--
-- Dumping data for table `category`
--

INSERT INTO `category` (`id`, `categoryName`, `categoryDescription`, `creationDate`, `updationDate`) VALUES
(1, 'Bed', 'Bed of different sizes.', '2022-10-01 16:10:35', NULL),
(2, 'Sofa', 'Sofa of different shapes.', '2022-10-01 16:10:35', NULL),
(3, 'Almira', 'Almira of different sizes.', '2022-10-01 16:10:35', NULL),
(4, 'Table', 'Different types of tables', '2022-10-01 16:10:35', NULL);

-- --------------------------------------------------------

--
-- Table structure for table `orders`
--

CREATE TABLE `orders` (
  `id` int(11) NOT NULL,
  `userId` int(11) DEFAULT NULL,
  `productId` varchar(255) DEFAULT NULL,
  `quantity` int(11) DEFAULT NULL,
  `orderDate` timestamp NOT NULL DEFAULT current_timestamp(),
  `paymentMethod` varchar(50) DEFAULT NULL,
  `orderStatus` varchar(55) DEFAULT NULL
) ENGINE=InnoDB DEFAULT CHARSET=utf8mb4;

-- --------------------------------------------------------

--
-- Table structure for table `ordertrackhistory`
--

CREATE TABLE `ordertrackhistory` (
  `id` int(11) NOT NULL,
  `orderId` int(11) DEFAULT NULL,
  `status` varchar(255) DEFAULT NULL,
  `remark` mediumtext DEFAULT NULL,
  `postingDate` timestamp NOT NULL DEFAULT current_timestamp()
) ENGINE=InnoDB DEFAULT CHARSET=utf8mb4;

-- --------------------------------------------------------

--
-- Table structure for table `productreviews`
--

CREATE TABLE `productreviews` (
  `id` int(11) NOT NULL,
  `productId` int(11) DEFAULT NULL,
  `quality` int(11) DEFAULT NULL,
  `price` int(11) DEFAULT NULL,
  `value` int(11) DEFAULT NULL,
  `name` varchar(255) DEFAULT NULL,
  `summary` varchar(255) DEFAULT NULL,
  `review` longtext DEFAULT NULL,
  `reviewDate` timestamp NOT NULL DEFAULT current_timestamp()
) ENGINE=InnoDB DEFAULT CHARSET=utf8mb4;

-- --------------------------------------------------------

--
-- Table structure for table `products`
--

CREATE TABLE `products` (
  `id` int(11) NOT NULL,
  `category` int(11) NOT NULL,
  `subCategory` int(11) DEFAULT NULL,
  `productName` varchar(255) DEFAULT NULL,
  `productCompany` varchar(255) DEFAULT NULL,
  `productPrice` int(11) DEFAULT NULL,
  `productPriceBeforeDiscount` int(11) DEFAULT NULL,
  `productDescription` longtext DEFAULT NULL,
  `productImage` varchar(255) DEFAULT NULL,
  `shippingCharge` int(11) DEFAULT NULL,
  `productAvailability` varchar(255) DEFAULT NULL,
  `postingDate` timestamp NULL DEFAULT current_timestamp(),
  `updationDate` varchar(255) DEFAULT NULL
) ENGINE=InnoDB DEFAULT CHARSET=utf8mb4;

--
-- Dumping data for table `products`
--

INSERT INTO `products` (`id`, `category`, `subCategory`, `productName`, `productCompany`, `productPrice`, `productPriceBeforeDiscount`, `productDescription`, `productImage`, `shippingCharge`, `productAvailability`, `postingDate`, `updationDate`) VALUES
(1, 1, 1, 'Simple Single Bed', 'Hatil', 16000, 18000, NULL, 'b3.jpg', 300, 'In Stock', '2022-10-01 16:10:36', NULL),
(2, 1, 2, 'Double Bed', 'Otobi', 32000, 35000, NULL, 'b4.jpg', 400, 'In Stock', '2022-10-01 16:10:36', NULL),
(3, 2, 3, 'Single Sofa', NULL, 8000, 10000, NULL, 's1.jpg', 200, 'In Stock', '2022-10-01 16:10:36', NULL),
(4, 3, 5, 'Single Almira', 'Brothers', 17000, 18000, NULL, 'a4.jpg', 250, 'In Stock', '2022-10-01 16:10:36', NULL),
(5, 3, 6, 'Three door almira', 'Navana', 45000, 50000, NULL, 'a1.jpg', 300, 'In Stock', '2022-10-01 16:10:36', NULL),
(6, 4, 8, 'Classic Dressing table', 'Nadia', 15000, 15000, NULL, 'd4.jpg', 200, 'In Stock', '2022-10-01 16:10:36', NULL);

-- --------------------------------------------------------

--
-- Table structure for table `subcategory`
--

CREATE TABLE `subcategory` (
  `id` int(11) NOT NULL,
  `categoryid` int(11) DEFAULT NULL,
  `subcategory` varchar(255) DEFAULT NULL,
  `creationDate` timestamp NULL DEFAULT current_timestamp(),
  `updationDate` varchar(255) DEFAULT NULL
) ENGINE=InnoDB DEFAULT CHARSET=utf8mb4;

--
-- Dumping data for table `subcategory`
--

INSERT INTO `subcategory` (`id`, `categoryid`, `subcategory`, `creationDate`, `updationDate`) VALUES
(1, 1, 'Single Bed', '2022-10-01 16:10:36', NULL),
(2, 1, 'Double Bed', '2022-10-01 16:10:36', NULL),
(3, 2, 'Single Sofa', '2022-10-01 16:10:36', NULL),
(4, 2, 'Three-seated Sofa', '2022-10-01 16:10:36', NULL),
(5, 3, 'Single Almira', '2022-10-01 16:10:36', NULL),
(6, 3, 'Two door Almira', '2022-10-01 16:10:36', NULL),
(7, 4, 'Reading table', '2022-10-01 16:10:36', NULL),
(8, 4, 'Dressing table', '2022-10-01 16:10:36', NULL);

-- --------------------------------------------------------

--
-- Table structure for table `userlog`
--

CREATE TABLE `userlog` (
  `id` int(11) NOT NULL,
  `userEmail` varchar(255) DEFAULT NULL,
  `userip` binary(16) DEFAULT NULL,
  `loginTime` timestamp NULL DEFAULT current_timestamp(),
  `logout` varchar(255) DEFAULT NULL,
  `status` int(11) DEFAULT NULL
) ENGINE=InnoDB DEFAULT CHARSET=utf8mb4;

-- --------------------------------------------------------

--
-- Table structure for table `users`
--

CREATE TABLE `users` (
  `id` int(11) NOT NULL,
  `name` varchar(255) DEFAULT NULL,
  `email` varchar(255) DEFAULT NULL,
  `contactno` bigint(11) DEFAULT NULL,
  `password` varchar(255) DEFAULT NULL,
  `shippingAddress` longtext DEFAULT NULL,
  `shippingState` varchar(255) DEFAULT NULL,
  `shippingCity` varchar(255) DEFAULT NULL,
  `shippingPincode` int(11) DEFAULT NULL,
  `billingAddress` longtext DEFAULT NULL,
  `billingState` varchar(255) DEFAULT NULL,
  `billingCity` varchar(255) DEFAULT NULL,
  `billingPincode` int(11) DEFAULT NULL,
  `regDate` timestamp NOT NULL DEFAULT current_timestamp(),
  `updationDate` varchar(255) DEFAULT NULL
) ENGINE=InnoDB DEFAULT CHARSET=utf8mb4;

-- --------------------------------------------------------

--
-- Table structure for table `wishlist`
--

CREATE TABLE `wishlist` (
  `id` int(11) NOT NULL,
  `userId` int(11) DEFAULT NULL,
  `productId` int(11) DEFAULT NULL,
  `postingDate` timestamp NOT NULL DEFAULT current_timestamp()
) ENGINE=InnoDB DEFAULT CHARSET=utf8mb4;

--
-- Indexes for dumped tables
--

--
-- Indexes for table `admin`
--
ALTER TABLE `admin`
  ADD PRIMARY KEY (`id`);

--
-- Indexes for table `category`
--
ALTER TABLE `category`
  ADD PRIMARY KEY (`id`);

--
-- Indexes for table `orders`
--
ALTER TABLE `orders`
  ADD PRIMARY KEY (`id`),
  ADD KEY `fk_user` (`userId`);

--
-- Indexes for table `ordertrackhistory`
--
ALTER TABLE `ordertrackhistory`
  ADD PRIMARY KEY (`id`),
  ADD KEY `fk_order` (`orderId`);

--
-- Indexes for table `productreviews`
--
ALTER TABLE `productreviews`
  ADD PRIMARY KEY (`id`),
  ADD KEY `fk_product` (`productId`);

--
-- Indexes for table `products`
--
ALTER TABLE `products`
  ADD PRIMARY KEY (`id`);

--
-- Indexes for table `subcategory`
--
ALTER TABLE `subcategory`
  ADD PRIMARY KEY (`id`);

--
-- Indexes for table `userlog`
--
ALTER TABLE `userlog`
  ADD PRIMARY KEY (`id`);

--
-- Indexes for table `users`
--
ALTER TABLE `users`
  ADD PRIMARY KEY (`id`);

--
-- Indexes for table `wishlist`
--
ALTER TABLE `wishlist`
  ADD PRIMARY KEY (`id`);

--
-- AUTO_INCREMENT for dumped tables
--

--
-- AUTO_INCREMENT for table `admin`
--
ALTER TABLE `admin`
  MODIFY `id` int(11) NOT NULL AUTO_INCREMENT;

--
-- AUTO_INCREMENT for table `category`
--
ALTER TABLE `category`
  MODIFY `id` int(11) NOT NULL AUTO_INCREMENT, AUTO_INCREMENT=5;

--
-- AUTO_INCREMENT for table `orders`
--
ALTER TABLE `orders`
  MODIFY `id` int(11) NOT NULL AUTO_INCREMENT;

--
-- AUTO_INCREMENT for table `ordertrackhistory`
--
ALTER TABLE `ordertrackhistory`
  MODIFY `id` int(11) NOT NULL AUTO_INCREMENT;

--
-- AUTO_INCREMENT for table `productreviews`
--
ALTER TABLE `productreviews`
  MODIFY `id` int(11) NOT NULL AUTO_INCREMENT;

--
-- AUTO_INCREMENT for table `products`
--
ALTER TABLE `products`
  MODIFY `id` int(11) NOT NULL AUTO_INCREMENT, AUTO_INCREMENT=7;

--
-- AUTO_INCREMENT for table `subcategory`
--
ALTER TABLE `subcategory`
  MODIFY `id` int(11) NOT NULL AUTO_INCREMENT, AUTO_INCREMENT=9;

--
-- AUTO_INCREMENT for table `userlog`
--
ALTER TABLE `userlog`
  MODIFY `id` int(11) NOT NULL AUTO_INCREMENT;

--
-- AUTO_INCREMENT for table `users`
--
ALTER TABLE `users`
  MODIFY `id` int(11) NOT NULL AUTO_INCREMENT;

--
-- AUTO_INCREMENT for table `wishlist`
--
ALTER TABLE `wishlist`
  MODIFY `id` int(11) NOT NULL AUTO_INCREMENT;

--
-- Constraints for dumped tables
--

--
-- Constraints for table `orders`
--
ALTER TABLE `orders`
  ADD CONSTRAINT `fk_user` FOREIGN KEY (`userId`) REFERENCES `users` (`id`) ON DELETE CASCADE ON UPDATE CASCADE;

--
-- Constraints for table `ordertrackhistory`
--
ALTER TABLE `ordertrackhistory`
  ADD CONSTRAINT `fk_order` FOREIGN KEY (`orderId`) REFERENCES `orders` (`id`) ON DELETE CASCADE ON UPDATE CASCADE;

--
-- Constraints for table `productreviews`
--
ALTER TABLE `productreviews`
  ADD CONSTRAINT `fk_product` FOREIGN KEY (`productId`) REFERENCES `products` (`id`) ON DELETE CASCADE ON UPDATE CASCADE;
COMMIT;

/*!40101 SET CHARACTER_SET_CLIENT=@OLD_CHARACTER_SET_CLIENT */;
/*!40101 SET CHARACTER_SET_RESULTS=@OLD_CHARACTER_SET_RESULTS */;
/*!40101 SET COLLATION_CONNECTION=@OLD_COLLATION_CONNECTION */;
